gene,importance_mean,importance_std
1007_s_at,0.0,0.0
224509_s_at,0.0,0.0
224689_at,0.0,0.0
224680_at,0.0,0.0
224667_x_at,0.0,0.0
224666_at,0.0,0.0
224656_s_at,0.0,0.0
224630_at,0.0,0.0
224628_at,0.0,0.0
224618_at,0.0,0.0
224613_s_at,0.0,0.0
224612_s_at,0.0,0.0
224594_x_at,0.0,0.0
224567_x_at,0.0,0.0
224523_s_at,0.0,0.0
224462_s_at,0.0,0.0
224129_s_at,0.0,0.0
224414_s_at,0.0,0.0
224410_s_at,0.0,0.0
224393_s_at,0.0,0.0
224376_s_at,0.0,0.0
224368_s_at,0.0,0.0
224366_s_at,0.0,0.0
224345_x_at,0.0,0.0
224331_s_at,0.0,0.0
224280_s_at,0.0,0.0
224254_x_at,0.0,0.0
224227_s_at,0.0,0.0
224187_x_at,0.0,0.0
224163_s_at,0.0,0.0
224709_s_at,0.0,0.0
224726_at,0.0,0.0
224738_x_at,0.0,0.0
224743_at,0.0,0.0
225117_at,0.0,0.0
225115_at,0.0,0.0
225111_s_at,0.0,0.0
225094_at,0.0,0.0
225092_at,0.0,0.0
225063_at,0.0,0.0
225061_at,0.0,0.0
225044_at,0.0,0.0
225003_at,0.0,0.0
225001_at,0.0,0.0
224999_at,0.0,0.0
224975_at,0.0,0.0
224970_at,0.0,0.0
224943_at,0.0,0.0
224913_s_at,0.0,0.0
224879_at,0.0,0.0
224878_at,0.0,0.0
224875_at,0.0,0.0
224871_at,0.0,0.0
224851_at,0.0,0.0
224825_at,0.0,0.0
224818_at,0.0,0.0
224801_at,0.0,0.0
224799_at,0.0,0.0
224782_at,0.0,0.0
224774_s_at,0.0,0.0
224771_at,0.0,0.0
224156_x_at,0.0,0.0
224057_s_at,0.0,0.0
1316_at,0.0,0.0
223104_at,0.0,0.0
223211_at,0.0,0.0
223207_x_at,0.0,0.0
223206_s_at,0.0,0.0
223193_x_at,0.0,0.0
223189_x_at,0.0,0.0
223185_s_at,0.0,0.0
223183_at,0.0,0.0
223156_at,0.0,0.0
223145_s_at,0.0,0.0
223134_at,0.0,0.0
223124_s_at,0.0,0.0
223109_at,0.0,0.0
223107_s_at,0.0,0.0
223088_x_at,0.0,0.0
224025_s_at,0.0,0.0
223082_at,0.0,0.0
223060_at,0.0,0.0
223059_s_at,0.0,0.0
223056_s_at,0.0,0.0
223043_at,0.0,0.0
223037_at,0.0,0.0
223020_at,0.0,0.0
223011_s_at,0.0,0.0
223002_s_at,0.0,0.0
222997_s_at,0.0,0.0
222995_s_at,0.0,0.0
222984_at,0.0,0.0
222983_s_at,0.0,0.0
223216_x_at,0.0,0.0
223219_s_at,0.0,0.0
223223_at,0.0,0.0
223229_at,0.0,0.0
223964_x_at,0.0,0.0
223913_s_at,0.0,0.0
223857_x_at,0.0,0.0
223757_at,0.0,0.0
223721_s_at,0.0,0.0
223711_s_at,0.0,0.0
223708_at,0.0,0.0
223701_s_at,0.0,0.0
223697_x_at,0.0,0.0
223673_at,0.0,0.0
223662_x_at,0.0,0.0
223650_s_at,0.0,0.0
223628_at,0.0,0.0
223532_at,0.0,0.0
223480_s_at,0.0,0.0
223461_at,0.0,0.0
223460_at,0.0,0.0
223450_s_at,0.0,0.0
223380_s_at,0.0,0.0
223363_at,0.0,0.0
223340_at,0.0,0.0
223334_at,0.0,0.0
223328_at,0.0,0.0
223319_at,0.0,0.0
223316_at,0.0,0.0
223272_s_at,0.0,0.0
223248_at,0.0,0.0
225121_at,0.0,0.0
225234_at,0.0,0.0
225237_s_at,0.0,0.0
227068_at,0.0,0.0
227365_at,0.0,0.0
227322_s_at,0.0,0.0
227321_at,0.0,0.0
227297_at,0.0,0.0
227283_at,0.0,0.0
227260_at,0.0,0.0
227252_at,0.0,0.0
227246_at,0.0,0.0
227196_at,0.0,0.0
227178_at,0.0,0.0
227152_at,0.0,0.0
227084_at,0.0,0.0
227082_at,0.0,0.0
227062_at,0.0,0.0
225239_at,0.0,0.0
227051_at,0.0,0.0
227022_at,0.0,0.0
226999_at,0.0,0.0
226938_at,0.0,0.0
226912_at,0.0,0.0
226899_at,0.0,0.0
226879_at,0.0,0.0
226876_at,0.0,0.0
226806_s_at,0.0,0.0
226779_at,0.0,0.0
226770_at,0.0,0.0
226751_at,0.0,0.0
226749_at,0.0,0.0
227404_s_at,0.0,0.0
227434_at,0.0,0.0
227453_at,0.0,0.0
227556_at,0.0,0.0
228715_at,0.0,0.0
228686_at,0.0,0.0
228613_at,0.0,0.0
228581_at,0.0,0.0
228556_at,0.0,0.0
228546_at,0.0,0.0
228544_s_at,0.0,0.0
228541_x_at,0.0,0.0
228456_s_at,0.0,0.0
228301_x_at,0.0,0.0
228059_x_at,0.0,0.0
228038_at,0.0,0.0
228027_at,0.0,0.0
228010_at,0.0,0.0
227959_at,0.0,0.0
227944_at,0.0,0.0
227897_at,0.0,0.0
227882_at,0.0,0.0
227872_at,0.0,0.0
227849_at,0.0,0.0
227847_at,0.0,0.0
227830_at,0.0,0.0
227760_at,0.0,0.0
227730_at,0.0,0.0
227663_at,0.0,0.0
227582_at,0.0,0.0
227580_s_at,0.0,0.0
226675_s_at,0.0,0.0
226648_at,0.0,0.0
226647_at,0.0,0.0
225870_s_at,0.0,0.0
225781_at,0.0,0.0
225779_at,0.0,0.0
225771_at,0.0,0.0
225742_at,0.0,0.0
225741_at,0.0,0.0
225733_at,0.0,0.0
225719_s_at,0.0,0.0
225699_at,0.0,0.0
225657_at,0.0,0.0
225571_at,0.0,0.0
225568_at,0.0,0.0
225556_at,0.0,0.0
225534_at,0.0,0.0
225507_at,0.0,0.0
225493_at,0.0,0.0
225489_at,0.0,0.0
225446_at,0.0,0.0
225415_at,0.0,0.0
225407_at,0.0,0.0
225387_at,0.0,0.0
225379_at,0.0,0.0
225368_at,0.0,0.0
225330_at,0.0,0.0
225304_s_at,0.0,0.0
225295_at,0.0,0.0
225293_at,0.0,0.0
225240_s_at,0.0,0.0
225799_at,0.0,0.0
225878_at,0.0,0.0
226644_at,0.0,0.0
225900_at,0.0,0.0
226627_at,0.0,0.0
226618_at,0.0,0.0
226579_at,0.0,0.0
226554_at,0.0,0.0
226544_x_at,0.0,0.0
226507_at,0.0,0.0
226443_at,0.0,0.0
226433_at,0.0,0.0
226428_at,0.0,0.0
226391_at,0.0,0.0
226382_at,0.0,0.0
226377_at,0.0,0.0
226360_at,0.0,0.0
226296_s_at,0.0,0.0
226291_at,0.0,0.0
226246_at,0.0,0.0
226195_at,0.0,0.0
226188_at,0.0,0.0
226086_at,0.0,0.0
226062_x_at,0.0,0.0
226024_at,0.0,0.0
226006_at,0.0,0.0
225941_at,0.0,0.0
225934_at,0.0,0.0
225923_at,0.0,0.0
225912_at,0.0,0.0
225905_s_at,0.0,0.0
222902_s_at,0.0,0.0
222887_s_at,0.0,0.0
222862_s_at,0.0,0.0
218205_s_at,0.0,0.0
218415_at,0.0,0.0
218380_at,0.0,0.0
218377_s_at,0.0,0.0
218354_at,0.0,0.0
218336_at,0.0,0.0
218328_at,0.0,0.0
218310_at,0.0,0.0
218302_at,0.0,0.0
218271_s_at,0.0,0.0
218263_s_at,0.0,0.0
218251_at,0.0,0.0
218220_at,0.0,0.0
218212_s_at,0.0,0.0
218204_s_at,0.0,0.0
219338_s_at,0.0,0.0
218177_at,0.0,0.0
218160_at,0.0,0.0
218155_x_at,0.0,0.0
218138_at,0.0,0.0
218133_s_at,0.0,0.0
218125_s_at,0.0,0.0
218120_s_at,0.0,0.0
218118_s_at,0.0,0.0
218117_at,0.0,0.0
218105_s_at,0.0,0.0
218086_at,0.0,0.0
218080_x_at,0.0,0.0
218066_at,0.0,0.0
218456_at,0.0,0.0
218488_at,0.0,0.0
218491_s_at,0.0,0.0
218500_at,0.0,0.0
219255_x_at,0.0,0.0
219203_at,0.0,0.0
219193_at,0.0,0.0
219134_at,0.0,0.0
219097_x_at,0.0,0.0
219028_at,0.0,0.0
219019_at,0.0,0.0
218953_s_at,0.0,0.0
218935_at,0.0,0.0
218897_at,0.0,0.0
218805_at,0.0,0.0
218788_s_at,0.0,0.0
218763_at,0.0,0.0
218735_s_at,0.0,0.0
218732_at,0.0,0.0
218679_s_at,0.0,0.0
218664_at,0.0,0.0
218653_at,0.0,0.0
218651_s_at,0.0,0.0
218628_at,0.0,0.0
218625_at,0.0,0.0
218623_at,0.0,0.0
218609_s_at,0.0,0.0
218579_s_at,0.0,0.0
218557_at,0.0,0.0
218546_at,0.0,0.0
218504_at,0.0,0.0
218059_at,0.0,0.0
218037_at,0.0,0.0
217965_s_at,0.0,0.0
217446_x_at,0.0,0.0
217331_at,0.0,0.0
217225_x_at,0.0,0.0
217152_at,0.0,0.0
217077_s_at,0.0,0.0
216977_x_at,0.0,0.0
216751_at,0.0,0.0
216745_x_at,0.0,0.0
216609_at,0.0,0.0
216602_s_at,0.0,0.0
216524_x_at,0.0,0.0
216308_x_at,0.0,0.0
216264_s_at,0.0,0.0
216232_s_at,0.0,0.0
216187_x_at,0.0,0.0
216101_at,0.0,0.0
216080_s_at,0.0,0.0
216044_x_at,0.0,0.0
216006_at,0.0,0.0
215991_s_at,0.0,0.0
215962_at,0.0,0.0
215811_at,0.0,0.0
215789_s_at,0.0,0.0
215785_s_at,0.0,0.0
215780_s_at,0.0,0.0
215722_s_at,0.0,0.0
215714_s_at,0.0,0.0
215700_x_at,0.0,0.0
217398_x_at,0.0,0.0
217482_at,0.0,0.0
217964_at,0.0,0.0
217546_at,0.0,0.0
217959_s_at,0.0,0.0
217941_s_at,0.0,0.0
217939_s_at,0.0,0.0
217932_at,0.0,0.0
217923_at,0.0,0.0
217890_s_at,0.0,0.0
217867_x_at,0.0,0.0
217860_at,0.0,0.0
217841_s_at,0.0,0.0
217840_at,0.0,0.0
217817_at,0.0,0.0
217815_at,0.0,0.0
217814_at,0.0,0.0
217795_s_at,0.0,0.0
217786_at,0.0,0.0
217782_s_at,0.0,0.0
217773_s_at,0.0,0.0
217766_s_at,0.0,0.0
217738_at,0.0,0.0
217733_s_at,0.0,0.0
217727_x_at,0.0,0.0
217720_at,0.0,0.0
217717_s_at,0.0,0.0
217713_x_at,0.0,0.0
217679_x_at,0.0,0.0
217620_s_at,0.0,0.0
217576_x_at,0.0,0.0
219319_at,0.0,0.0
219343_at,0.0,0.0
222809_x_at,0.0,0.0
221903_s_at,0.0,0.0
222339_x_at,0.0,0.0
222313_at,0.0,0.0
222310_at,0.0,0.0
222298_at,0.0,0.0
222282_at,0.0,0.0
222264_at,0.0,0.0
222160_at,0.0,0.0
222132_s_at,0.0,0.0
222125_s_at,0.0,0.0
222064_s_at,0.0,0.0
222005_s_at,0.0,0.0
221923_s_at,0.0,0.0
221908_at,0.0,0.0
221899_at,0.0,0.0
219365_s_at,0.0,0.0
221893_s_at,0.0,0.0
221853_s_at,0.0,0.0
221831_at,0.0,0.0
221829_s_at,0.0,0.0
221797_at,0.0,0.0
221792_at,0.0,0.0
221772_s_at,0.0,0.0
221620_s_at,0.0,0.0
221598_s_at,0.0,0.0
221562_s_at,0.0,0.0
221515_s_at,0.0,0.0
221504_s_at,0.0,0.0
221495_s_at,0.0,0.0
222358_x_at,0.0,0.0
222364_at,0.0,0.0
222372_at,0.0,0.0
222378_at,0.0,0.0
222796_at,0.0,0.0
222785_x_at,0.0,0.0
222780_s_at,0.0,0.0
222759_at,0.0,0.0
222750_s_at,0.0,0.0
222633_at,0.0,0.0
222621_at,0.0,0.0
222620_s_at,0.0,0.0
222614_at,0.0,0.0
222609_s_at,0.0,0.0
222606_at,0.0,0.0
222594_s_at,0.0,0.0
222558_at,0.0,0.0
222548_s_at,0.0,0.0
222530_s_at,0.0,0.0
222514_at,0.0,0.0
222513_s_at,0.0,0.0
222474_s_at,0.0,0.0
222469_s_at,0.0,0.0
222430_s_at,0.0,0.0
222425_s_at,0.0,0.0
222423_at,0.0,0.0
222418_s_at,0.0,0.0
222409_at,0.0,0.0
222396_at,0.0,0.0
222395_s_at,0.0,0.0
222380_s_at,0.0,0.0
221494_x_at,0.0,0.0
221488_s_at,0.0,0.0
221476_s_at,0.0,0.0
220316_at,0.0,0.0
220260_at,0.0,0.0
220183_s_at,0.0,0.0
220155_s_at,0.0,0.0
220113_x_at,0.0,0.0
220081_x_at,0.0,0.0
220072_at,0.0,0.0
220071_x_at,0.0,0.0
220040_x_at,0.0,0.0
219961_s_at,0.0,0.0
219945_at,0.0,0.0
219896_at,0.0,0.0
219862_s_at,0.0,0.0
219833_s_at,0.0,0.0
219778_at,0.0,0.0
219665_at,0.0,0.0
219660_s_at,0.0,0.0
219659_at,0.0,0.0
219575_s_at,0.0,0.0
219549_s_at,0.0,0.0
219543_at,0.0,0.0
219463_at,0.0,0.0
219445_at,0.0,0.0
219425_at,0.0,0.0
219408_at,0.0,0.0
219406_at,0.0,0.0
219392_x_at,0.0,0.0
219375_at,0.0,0.0
220261_s_at,0.0,0.0
220329_s_at,0.0,0.0
221449_s_at,0.0,0.0
220370_s_at,0.0,0.0
221432_s_at,0.0,0.0
221263_s_at,0.0,0.0
221260_s_at,0.0,0.0
221155_x_at,0.0,0.0
221062_at,0.0,0.0
220999_s_at,0.0,0.0
220979_s_at,0.0,0.0
220966_x_at,0.0,0.0
220948_s_at,0.0,0.0
220942_x_at,0.0,0.0
220864_s_at,0.0,0.0
220796_x_at,0.0,0.0
220744_s_at,0.0,0.0
220720_x_at,0.0,0.0
220690_s_at,0.0,0.0
220688_s_at,0.0,0.0
220668_s_at,0.0,0.0
220642_x_at,0.0,0.0
220617_s_at,0.0,0.0
220615_s_at,0.0,0.0
220609_at,0.0,0.0
220578_at,0.0,0.0
220572_at,0.0,0.0
220488_s_at,0.0,0.0
220467_at,0.0,0.0
220459_at,0.0,0.0
220419_s_at,0.0,0.0
228763_at,0.0,0.0
228774_at,0.0,0.0
228775_at,0.0,0.0
240521_at,0.0,0.0
241215_at,0.0,0.0
241036_at,0.0,0.0
241008_at,0.0,0.0
240971_x_at,0.0,0.0
240857_at,0.0,0.0
240830_at,0.0,0.0
240765_at,0.0,0.0
240733_at,0.0,0.0
240723_at,0.0,0.0
240636_at,0.0,0.0
240606_at,0.0,0.0
240554_at,0.0,0.0
240544_at,0.0,0.0
240503_at,0.0,0.0
242320_at,0.0,0.0
240502_at,0.0,0.0
240478_at,0.0,0.0
240461_at,0.0,0.0
240451_at,0.0,0.0
240399_at,0.0,0.0
240246_at,0.0,0.0
240231_at,0.0,0.0
240230_s_at,0.0,0.0
240186_at,0.0,0.0
240180_at,0.0,0.0
240139_at,0.0,0.0
240112_at,0.0,0.0
240052_at,0.0,0.0
241216_at,0.0,0.0
241223_x_at,0.0,0.0
241226_at,0.0,0.0
241228_at,0.0,0.0
242299_at,0.0,0.0
242287_at,0.0,0.0
242264_at,0.0,0.0
242239_at,0.0,0.0
242195_x_at,0.0,0.0
242052_at,0.0,0.0
242040_at,0.0,0.0
242014_at,0.0,0.0
241993_x_at,0.0,0.0
241954_at,0.0,0.0
241893_at,0.0,0.0
241837_at,0.0,0.0
241818_at,0.0,0.0
241798_at,0.0,0.0
241786_at,0.0,0.0
241769_at,0.0,0.0
241762_at,0.0,0.0
241745_at,0.0,0.0
241686_x_at,0.0,0.0
241681_at,0.0,0.0
241627_x_at,0.0,0.0
241613_at,0.0,0.0
241588_at,0.0,0.0
241457_at,0.0,0.0
241391_at,0.0,0.0
241387_at,0.0,0.0
241368_at,0.0,0.0
240038_at,0.0,0.0
240018_at,0.0,0.0
240005_at,0.0,0.0
238883_at,0.0,0.0
238836_at,0.0,0.0
238786_at,0.0,0.0
238769_at,0.0,0.0
238747_at,0.0,0.0
238718_at,0.0,0.0
238716_at,0.0,0.0
238715_at,0.0,0.0
238658_at,0.0,0.0
238651_at,0.0,0.0
238642_at,0.0,0.0
238622_at,0.0,0.0
238595_at,0.0,0.0
238584_at,0.0,0.0
238573_at,0.0,0.0
238567_at,0.0,0.0
238560_at,0.0,0.0
238558_at,0.0,0.0
238468_at,0.0,0.0
238430_x_at,0.0,0.0
238417_at,0.0,0.0
238354_x_at,0.0,0.0
238350_at,0.0,0.0
238277_at,0.0,0.0
238199_x_at,0.0,0.0
238078_at,0.0,0.0
238058_at,0.0,0.0
238049_at,0.0,0.0
238851_at,0.0,0.0
238890_at,0.0,0.0
239978_at,0.0,0.0
239035_at,0.0,0.0
239901_at,0.0,0.0
239889_at,0.0,0.0
239886_at,0.0,0.0
239866_at,0.0,0.0
239832_at,0.0,0.0
239831_at,0.0,0.0
239826_at,0.0,0.0
239811_at,0.0,0.0
239808_at,0.0,0.0
239748_x_at,0.0,0.0
239661_at,0.0,0.0
239649_at,0.0,0.0
239629_at,0.0,0.0
239603_x_at,0.0,0.0
239597_at,0.0,0.0
239559_at,0.0,0.0
239497_at,0.0,0.0
239474_at,0.0,0.0
239449_at,0.0,0.0
239409_at,0.0,0.0
239311_at,0.0,0.0
239179_at,0.0,0.0
239167_at,0.0,0.0
239121_at,0.0,0.0
239102_s_at,0.0,0.0
239096_at,0.0,0.0
239071_at,0.0,0.0
242319_at,0.0,0.0
242325_at,0.0,0.0
238009_at,0.0,0.0
244334_at,0.0,0.0
244709_at,0.0,0.0
244697_at,0.0,0.0
244669_at,0.0,0.0
244646_at,0.0,0.0
244622_at,0.0,0.0
244610_x_at,0.0,0.0
244530_at,0.0,0.0
244508_at,0.0,0.0
244433_at,0.0,0.0
244414_at,0.0,0.0
244357_at,0.0,0.0
244350_at,0.0,0.0
244341_at,0.0,0.0
244300_at,0.0,0.0
242337_at,0.0,0.0
244292_at,0.0,0.0
244197_x_at,0.0,0.0
244194_at,0.0,0.0
244045_at,0.0,0.0
244040_at,0.0,0.0
244007_at,0.0,0.0
243_g_at,0.0,0.0
243993_at,0.0,0.0
243988_at,0.0,0.0
243915_at,0.0,0.0
243830_at,0.0,0.0
243827_at,0.0,0.0
243768_at,0.0,0.0
244753_at,0.0,0.0
244766_at,0.0,0.0
244778_x_at,0.0,0.0
244804_at,0.0,0.0
AFFX-r2-Bs-dap-3_at,0.0,0.0
AFFX-HUMGAPDH/M33197_M_at,0.0,0.0
AFFX-HUMGAPDH/M33197_5_at,0.0,0.0
AFFX-HUMGAPDH/M33197_3_at,0.0,0.0
AFFX-HSAC07/X00351_M_at,0.0,0.0
AFFX-HSAC07/X00351_3_at,0.0,0.0
AFFX-DapX-3_at,0.0,0.0
63009_at,0.0,0.0
61874_at,0.0,0.0
58780_s_at,0.0,0.0
57082_at,0.0,0.0
52255_s_at,0.0,0.0
51192_at,0.0,0.0
50221_at,0.0,0.0
49452_at,0.0,0.0
47608_at,0.0,0.0
43427_at,0.0,0.0
41387_r_at,0.0,0.0
39313_at,0.0,0.0
38398_at,0.0,0.0
37796_at,0.0,0.0
36907_at,0.0,0.0
36711_at,0.0,0.0
35666_at,0.0,0.0
34225_at,0.0,0.0
32099_at,0.0,0.0
31874_at,0.0,0.0
243713_at,0.0,0.0
243704_at,0.0,0.0
243683_at,0.0,0.0
242972_at,0.0,0.0
242916_at,0.0,0.0
242849_at,0.0,0.0
242829_x_at,0.0,0.0
242819_at,0.0,0.0
242808_at,0.0,0.0
242801_at,0.0,0.0
242748_at,0.0,0.0
242732_at,0.0,0.0
242712_x_at,0.0,0.0
242673_at,0.0,0.0
242671_at,0.0,0.0
242665_at,0.0,0.0
242646_at,0.0,0.0
242611_at,0.0,0.0
242609_x_at,0.0,0.0
242608_x_at,0.0,0.0
242579_at,0.0,0.0
242578_x_at,0.0,0.0
242573_at,0.0,0.0
242431_at,0.0,0.0
242428_at,0.0,0.0
242390_at,0.0,0.0
242377_x_at,0.0,0.0
242372_s_at,0.0,0.0
242369_x_at,0.0,0.0
242366_at,0.0,0.0
242357_x_at,0.0,0.0
242920_at,0.0,0.0
242990_at,0.0,0.0
243648_at,0.0,0.0
243005_at,0.0,0.0
243618_s_at,0.0,0.0
243593_s_at,0.0,0.0
243578_at,0.0,0.0
243561_at,0.0,0.0
243498_at,0.0,0.0
243496_at,0.0,0.0
243442_x_at,0.0,0.0
243431_at,0.0,0.0
243414_at,0.0,0.0
243398_at,0.0,0.0
243361_at,0.0,0.0
243350_at,0.0,0.0
243329_at,0.0,0.0
243305_at,0.0,0.0
243300_at,0.0,0.0
243256_at,0.0,0.0
243249_at,0.0,0.0
243233_at,0.0,0.0
243203_at,0.0,0.0
243184_at,0.0,0.0
243182_at,0.0,0.0
243178_at,0.0,0.0
243158_at,0.0,0.0
243127_x_at,0.0,0.0
243046_at,0.0,0.0
243031_at,0.0,0.0
243025_at,0.0,0.0
238017_at,0.0,0.0
237999_at,0.0,0.0
228855_at,0.0,0.0
232003_at,0.0,0.0
232266_x_at,0.0,0.0
232264_at,0.0,0.0
232253_at,0.0,0.0
232215_x_at,0.0,0.0
232205_at,0.0,0.0
232169_x_at,0.0,0.0
232150_at,0.0,0.0
232140_at,0.0,0.0
232120_at,0.0,0.0
232058_at,0.0,0.0
232028_at,0.0,0.0
232027_at,0.0,0.0
232011_s_at,0.0,0.0
231986_at,0.0,0.0
233204_at,0.0,0.0
231967_at,0.0,0.0
231896_s_at,0.0,0.0
231887_s_at,0.0,0.0
231825_x_at,0.0,0.0
231735_s_at,0.0,0.0
231713_s_at,0.0,0.0
231695_at,0.0,0.0
231530_s_at,0.0,0.0
231506_at,0.0,0.0
231327_at,0.0,0.0
231311_at,0.0,0.0
231281_at,0.0,0.0
231271_x_at,0.0,0.0
232280_at,0.0,0.0
232288_at,0.0,0.0
232305_at,0.0,0.0
232311_at,0.0,0.0
233152_x_at,0.0,0.0
233057_at,0.0,0.0
233056_x_at,0.0,0.0
233041_x_at,0.0,0.0
233039_at,0.0,0.0
233037_at,0.0,0.0
233031_at,0.0,0.0
233017_x_at,0.0,0.0
232883_at,0.0,0.0
232814_x_at,0.0,0.0
232795_at,0.0,0.0
232778_at,0.0,0.0
232753_at,0.0,0.0
232696_at,0.0,0.0
232695_at,0.0,0.0
232614_at,0.0,0.0
232551_at,0.0,0.0
232541_at,0.0,0.0
232531_at,0.0,0.0
232523_at,0.0,0.0
232516_x_at,0.0,0.0
232471_at,0.0,0.0
232469_x_at,0.0,0.0
232426_at,0.0,0.0
232392_at,0.0,0.0
232386_at,0.0,0.0
232347_x_at,0.0,0.0
231166_at,0.0,0.0
231136_at,0.0,0.0
231016_s_at,0.0,0.0
229811_at,0.0,0.0
229793_at,0.0,0.0
229776_at,0.0,0.0
229715_at,0.0,0.0
229677_at,0.0,0.0
229663_at,0.0,0.0
229656_s_at,0.0,0.0
229606_at,0.0,0.0
229541_at,0.0,0.0
229537_at,0.0,0.0
229520_s_at,0.0,0.0
229467_at,0.0,0.0
229353_s_at,0.0,0.0
229319_at,0.0,0.0
229312_s_at,0.0,0.0
229300_at,0.0,0.0
229293_at,0.0,0.0
229289_at,0.0,0.0
229202_at,0.0,0.0
229145_at,0.0,0.0
229099_at,0.0,0.0
229065_at,0.0,0.0
229061_s_at,0.0,0.0
229039_at,0.0,0.0
229035_s_at,0.0,0.0
228959_at,0.0,0.0
228943_at,0.0,0.0
228882_at,0.0,0.0
229810_at,0.0,0.0
229818_at,0.0,0.0
231015_at,0.0,0.0
229830_at,0.0,0.0
230970_at,0.0,0.0
230950_at,0.0,0.0
230949_at,0.0,0.0
230923_at,0.0,0.0
230742_at,0.0,0.0
230713_at,0.0,0.0
230656_s_at,0.0,0.0
230644_at,0.0,0.0
230629_s_at,0.0,0.0
230590_at,0.0,0.0
230496_at,0.0,0.0
230482_at,0.0,0.0
230411_at,0.0,0.0
230392_at,0.0,0.0
230326_s_at,0.0,0.0
230296_at,0.0,0.0
230272_at,0.0,0.0
230262_at,0.0,0.0
230258_at,0.0,0.0
230255_at,0.0,0.0
230150_at,0.0,0.0
230064_at,0.0,0.0
230006_s_at,0.0,0.0
229973_at,0.0,0.0
229961_x_at,0.0,0.0
229917_at,0.0,0.0
229905_at,0.0,0.0
233167_at,0.0,0.0
233216_at,0.0,0.0
237937_x_at,0.0,0.0
236000_s_at,0.0,0.0
236571_at,0.0,0.0
236524_at,0.0,0.0
236488_s_at,0.0,0.0
236484_at,0.0,0.0
236465_at,0.0,0.0
236462_at,0.0,0.0
236338_at,0.0,0.0
236302_at,0.0,0.0
236274_at,0.0,0.0
236139_at,0.0,0.0
236120_at,0.0,0.0
236081_at,0.0,0.0
236007_at,0.0,0.0
235990_at,0.0,0.0
233229_at,0.0,0.0
235954_at,0.0,0.0
235879_at,0.0,0.0
235850_at,0.0,0.0
235805_at,0.0,0.0
235803_at,0.0,0.0
235765_at,0.0,0.0
235757_at,0.0,0.0
235716_at,0.0,0.0
235694_at,0.0,0.0
235672_at,0.0,0.0
235645_at,0.0,0.0
235640_at,0.0,0.0
235606_at,0.0,0.0
236602_at,0.0,0.0
236610_at,0.0,0.0
236617_at,0.0,0.0
236645_at,0.0,0.0
237868_x_at,0.0,0.0
237832_at,0.0,0.0
237790_at,0.0,0.0
237768_x_at,0.0,0.0
237745_at,0.0,0.0
237628_at,0.0,0.0
237600_at,0.0,0.0
237560_at,0.0,0.0
237475_x_at,0.0,0.0
237452_at,0.0,0.0
237444_at,0.0,0.0
237361_at,0.0,0.0
237305_at,0.0,0.0
237107_at,0.0,0.0
237106_at,0.0,0.0
237072_at,0.0,0.0
237040_at,0.0,0.0
237018_at,0.0,0.0
236949_at,0.0,0.0
236946_at,0.0,0.0
236916_at,0.0,0.0
236901_at,0.0,0.0
236817_at,0.0,0.0
236808_at,0.0,0.0
236725_at,0.0,0.0
236715_x_at,0.0,0.0
236704_at,0.0,0.0
235601_at,0.0,0.0
235592_at,0.0,0.0
235567_at,0.0,0.0
234314_at,0.0,0.0
234122_at,0.0,0.0
234107_s_at,0.0,0.0
234086_at,0.0,0.0
233884_at,0.0,0.0
233869_x_at,0.0,0.0
233868_x_at,0.0,0.0
233842_x_at,0.0,0.0
233816_at,0.0,0.0
233775_x_at,0.0,0.0
233702_x_at,0.0,0.0
233700_at,0.0,0.0
233658_at,0.0,0.0
233611_at,0.0,0.0
233558_s_at,0.0,0.0
233547_x_at,0.0,0.0
233506_at,0.0,0.0
233473_x_at,0.0,0.0
233449_at,0.0,0.0
233393_at,0.0,0.0
233350_s_at,0.0,0.0
233319_x_at,0.0,0.0
233313_at,0.0,0.0
233308_at,0.0,0.0
233271_at,0.0,0.0
233246_at,0.0,0.0
233243_at,0.0,0.0
233241_at,0.0,0.0
234282_at,0.0,0.0
234505_at,0.0,0.0
235538_at,0.0,0.0
234562_x_at,0.0,0.0
235537_at,0.0,0.0
235507_at,0.0,0.0
235484_at,0.0,0.0
235396_at,0.0,0.0
235377_at,0.0,0.0
235376_at,0.0,0.0
235327_x_at,0.0,0.0
235225_at,0.0,0.0
235213_at,0.0,0.0
235154_at,0.0,0.0
235119_at,0.0,0.0
235112_at,0.0,0.0
235070_at,0.0,0.0
235066_at,0.0,0.0
235019_at,0.0,0.0
235009_at,0.0,0.0
234991_at,0.0,0.0
234989_at,0.0,0.0
234981_x_at,0.0,0.0
234969_s_at,0.0,0.0
234926_s_at,0.0,0.0
234906_at,0.0,0.0
234788_x_at,0.0,0.0
234762_x_at,0.0,0.0
234723_x_at,0.0,0.0
234677_at,0.0,0.0
234594_at,0.0,0.0
215698_at,0.0,0.0
215645_at,0.0,0.0
215628_x_at,0.0,0.0
201976_s_at,0.0,0.0
202133_at,0.0,0.0
202120_x_at,0.0,0.0
202078_at,0.0,0.0
202077_at,0.0,0.0
202074_s_at,0.0,0.0
202070_s_at,0.0,0.0
202041_s_at,0.0,0.0
202021_x_at,0.0,0.0
202012_s_at,0.0,0.0
202000_at,0.0,0.0
201996_s_at,0.0,0.0
201993_x_at,0.0,0.0
201991_s_at,0.0,0.0
201971_s_at,0.0,0.0
202517_at,0.0,0.0
201947_s_at,0.0,0.0
201932_at,0.0,0.0
201903_at,0.0,0.0
201900_s_at,0.0,0.0
201892_s_at,0.0,0.0
201880_at,0.0,0.0
201856_s_at,0.0,0.0
201837_s_at,0.0,0.0
201828_x_at,0.0,0.0
201825_s_at,0.0,0.0
201805_at,0.0,0.0
201758_at,0.0,0.0
201728_s_at,0.0,0.0
202144_s_at,0.0,0.0
202145_at,0.0,0.0
202154_x_at,0.0,0.0
202168_at,0.0,0.0
202501_at,0.0,0.0
202477_s_at,0.0,0.0
202471_s_at,0.0,0.0
202443_x_at,0.0,0.0
202433_at,0.0,0.0
202432_at,0.0,0.0
202429_s_at,0.0,0.0
202416_at,0.0,0.0
202395_at,0.0,0.0
202391_at,0.0,0.0
202364_at,0.0,0.0
202363_at,0.0,0.0
202343_x_at,0.0,0.0
202336_s_at,0.0,0.0
202322_s_at,0.0,0.0
202320_at,0.0,0.0
202309_at,0.0,0.0
202283_at,0.0,0.0
202279_at,0.0,0.0
202257_s_at,0.0,0.0
202254_at,0.0,0.0
202243_s_at,0.0,0.0
202242_at,0.0,0.0
202205_at,0.0,0.0
202201_at,0.0,0.0
202178_at,0.0,0.0
202173_s_at,0.0,0.0
201725_at,0.0,0.0
201704_at,0.0,0.0
201677_at,0.0,0.0
201415_at,0.0,0.0
201400_at,0.0,0.0
201394_s_at,0.0,0.0
201390_s_at,0.0,0.0
201387_s_at,0.0,0.0
201372_s_at,0.0,0.0
201371_s_at,0.0,0.0
201347_x_at,0.0,0.0
201345_s_at,0.0,0.0
201341_at,0.0,0.0
201330_at,0.0,0.0
201322_at,0.0,0.0
201313_at,0.0,0.0
201293_x_at,0.0,0.0
201274_at,0.0,0.0
201269_s_at,0.0,0.0
201267_s_at,0.0,0.0
201266_at,0.0,0.0
201255_x_at,0.0,0.0
201243_s_at,0.0,0.0
201241_at,0.0,0.0
201232_s_at,0.0,0.0
201231_s_at,0.0,0.0
201226_at,0.0,0.0
201217_x_at,0.0,0.0
201214_s_at,0.0,0.0
201199_s_at,0.0,0.0
201186_at,0.0,0.0
201410_at,0.0,0.0
201441_at,0.0,0.0
201676_x_at,0.0,0.0
201459_at,0.0,0.0
201652_at,0.0,0.0
201648_at,0.0,0.0
201635_s_at,0.0,0.0
201632_at,0.0,0.0
201628_s_at,0.0,0.0
201619_at,0.0,0.0
201614_s_at,0.0,0.0
201608_s_at,0.0,0.0
201600_at,0.0,0.0
201592_at,0.0,0.0
201580_s_at,0.0,0.0
201579_at,0.0,0.0
201577_at,0.0,0.0
201570_at,0.0,0.0
201554_x_at,0.0,0.0
201550_x_at,0.0,0.0
201549_x_at,0.0,0.0
201546_at,0.0,0.0
201529_s_at,0.0,0.0
201527_at,0.0,0.0
201526_at,0.0,0.0
201522_x_at,0.0,0.0
201519_at,0.0,0.0
201502_s_at,0.0,0.0
201481_s_at,0.0,0.0
201475_x_at,0.0,0.0
201463_s_at,0.0,0.0
202507_s_at,0.0,0.0
202530_at,0.0,0.0
201173_x_at,0.0,0.0
203785_s_at,0.0,0.0
204094_s_at,0.0,0.0
204081_at,0.0,0.0
204031_s_at,0.0,0.0
204002_s_at,0.0,0.0
203999_at,0.0,0.0
203909_at,0.0,0.0
203906_at,0.0,0.0
203865_s_at,0.0,0.0
203860_at,0.0,0.0
203816_at,0.0,0.0
203814_s_at,0.0,0.0
203813_s_at,0.0,0.0
203798_s_at,0.0,0.0
203776_at,0.0,0.0
202544_at,0.0,0.0
203771_s_at,0.0,0.0
203769_s_at,0.0,0.0
203762_s_at,0.0,0.0
203724_s_at,0.0,0.0
203723_at,0.0,0.0
203720_s_at,0.0,0.0
203694_s_at,0.0,0.0
203662_s_at,0.0,0.0
203656_at,0.0,0.0
203616_at,0.0,0.0
203605_at,0.0,0.0
203567_s_at,0.0,0.0
203517_at,0.0,0.0
204100_at,0.0,0.0
204105_s_at,0.0,0.0
204156_at,0.0,0.0
204206_at,0.0,0.0
204684_at,0.0,0.0
204663_at,0.0,0.0
204619_s_at,0.0,0.0
204610_s_at,0.0,0.0
204587_at,0.0,0.0
204586_at,0.0,0.0
204559_s_at,0.0,0.0
204546_at,0.0,0.0
204513_s_at,0.0,0.0
204488_at,0.0,0.0
204466_s_at,0.0,0.0
204465_s_at,0.0,0.0
204365_s_at,0.0,0.0
204355_at,0.0,0.0
204352_at,0.0,0.0
204343_at,0.0,0.0
204338_s_at,0.0,0.0
204324_s_at,0.0,0.0
204301_at,0.0,0.0
204270_at,0.0,0.0
204260_at,0.0,0.0
204247_s_at,0.0,0.0
204246_s_at,0.0,0.0
204229_at,0.0,0.0
204228_at,0.0,0.0
204219_s_at,0.0,0.0
204216_s_at,0.0,0.0
203509_at,0.0,0.0
203466_at,0.0,0.0
203459_s_at,0.0,0.0
203000_at,0.0,0.0
202961_s_at,0.0,0.0
202949_s_at,0.0,0.0
202942_at,0.0,0.0
202941_at,0.0,0.0
202935_s_at,0.0,0.0
202926_at,0.0,0.0
202920_at,0.0,0.0
202916_s_at,0.0,0.0
202897_at,0.0,0.0
202893_at,0.0,0.0
202868_s_at,0.0,0.0
202858_at,0.0,0.0
202852_s_at,0.0,0.0
202838_at,0.0,0.0
202813_at,0.0,0.0
202802_at,0.0,0.0
202799_at,0.0,0.0
202785_at,0.0,0.0
202741_at,0.0,0.0
202737_s_at,0.0,0.0
202724_s_at,0.0,0.0
202712_s_at,0.0,0.0
202675_at,0.0,0.0
202670_at,0.0,0.0
202659_at,0.0,0.0
202623_at,0.0,0.0
202593_s_at,0.0,0.0
202975_s_at,0.0,0.0
203017_s_at,0.0,0.0
203454_s_at,0.0,0.0
203031_s_at,0.0,0.0
203445_s_at,0.0,0.0
203415_at,0.0,0.0
203413_at,0.0,0.0
203410_at,0.0,0.0
203392_s_at,0.0,0.0
203376_at,0.0,0.0
203336_s_at,0.0,0.0
203333_at,0.0,0.0
203297_s_at,0.0,0.0
203279_at,0.0,0.0
203266_s_at,0.0,0.0
203264_s_at,0.0,0.0
203197_s_at,0.0,0.0
203182_s_at,0.0,0.0
203173_s_at,0.0,0.0
203159_at,0.0,0.0
203157_s_at,0.0,0.0
203146_s_at,0.0,0.0
203139_at,0.0,0.0
203122_at,0.0,0.0
203112_s_at,0.0,0.0
203109_at,0.0,0.0
203105_s_at,0.0,0.0
203094_at,0.0,0.0
203079_s_at,0.0,0.0
203053_at,0.0,0.0
203033_x_at,0.0,0.0
201174_s_at,0.0,0.0
201164_s_at,0.0,0.0
204690_at,0.0,0.0
1558732_at,0.0,0.0
1559419_at,0.0,0.0
1559402_a_at,0.0,0.0
1559394_a_at,0.0,0.0
1559391_s_at,0.0,0.0
1559375_s_at,0.0,0.0
1559101_at,0.0,0.0
1559060_a_at,0.0,0.0
1558922_at,0.0,0.0
1558854_a_at,0.0,0.0
1558831_x_at,0.0,0.0
1558784_at,0.0,0.0
1558740_s_at,0.0,0.0
1558739_at,0.0,0.0
1558702_at,0.0,0.0
1563455_at,0.0,0.0
1558678_s_at,0.0,0.0
1558592_at,0.0,0.0
1558546_at,0.0,0.0
1558426_x_at,0.0,0.0
1558299_at,0.0,0.0
1558295_a_at,0.0,0.0
1558275_at,0.0,0.0
1558118_at,0.0,0.0
1557797_a_at,0.0,0.0
1557721_at,0.0,0.0
1557685_at,0.0,0.0
1557394_at,0.0,0.0
1557286_at,0.0,0.0
1559420_x_at,0.0,0.0
1559436_x_at,0.0,0.0
1559496_at,0.0,0.0
1559515_at,0.0,0.0
1563088_a_at,0.0,0.0
1562935_at,0.0,0.0
1562898_at,0.0,0.0
1562550_at,0.0,0.0
1562529_s_at,0.0,0.0
1562110_at,0.0,0.0
1562063_x_at,0.0,0.0
1562062_at,0.0,0.0
1561850_at,0.0,0.0
1561778_at,0.0,0.0
1561686_at,0.0,0.0
1561657_at,0.0,0.0
1561631_at,0.0,0.0
1561362_at,0.0,0.0
1561167_at,0.0,0.0
1561107_at,0.0,0.0
1560926_at,0.0,0.0
1560775_at,0.0,0.0
1560741_at,0.0,0.0
1560277_a_at,0.0,0.0
1560199_x_at,0.0,0.0
1560128_x_at,0.0,0.0
1560119_at,0.0,0.0
1560116_a_at,0.0,0.0
1559820_at,0.0,0.0
1559591_s_at,0.0,0.0
1559589_a_at,0.0,0.0
1556964_s_at,0.0,0.0
1556950_s_at,0.0,0.0
1556941_a_at,0.0,0.0
1554671_a_at,0.0,0.0
1554595_at,0.0,0.0
1554510_s_at,0.0,0.0
1554500_a_at,0.0,0.0
1554473_at,0.0,0.0
1554447_at,0.0,0.0
1554287_at,0.0,0.0
1554260_a_at,0.0,0.0
1554251_at,0.0,0.0
1554250_s_at,0.0,0.0
1554213_at,0.0,0.0
1554116_s_at,0.0,0.0
1554079_at,0.0,0.0
1554007_at,0.0,0.0
1553976_a_at,0.0,0.0
1553909_x_at,0.0,0.0
1553693_s_at,0.0,0.0
1553357_at,0.0,0.0
1553313_s_at,0.0,0.0
1553274_a_at,0.0,0.0
1553126_a_at,0.0,0.0
1553107_s_at,0.0,0.0
1552735_at,0.0,0.0
1552536_at,0.0,0.0
1552507_at,0.0,0.0
1552482_at,0.0,0.0
1552362_a_at,0.0,0.0
1552302_at,0.0,0.0
1554636_at,0.0,0.0
1554675_a_at,0.0,0.0
1556813_at,0.0,0.0
1554701_a_at,0.0,0.0
1556641_at,0.0,0.0
1556442_x_at,0.0,0.0
1556425_a_at,0.0,0.0
1556420_s_at,0.0,0.0
1556378_a_at,0.0,0.0
1556373_a_at,0.0,0.0
1556364_at,0.0,0.0
1556359_at,0.0,0.0
1556352_at,0.0,0.0
1556244_s_at,0.0,0.0
1556007_s_at,0.0,0.0
1555982_at,0.0,0.0
1555950_a_at,0.0,0.0
1555935_s_at,0.0,0.0
1555931_at,0.0,0.0
1555881_s_at,0.0,0.0
1555824_a_at,0.0,0.0
1555803_a_at,0.0,0.0
1555419_a_at,0.0,0.0
1555284_at,0.0,0.0
1555278_a_at,0.0,0.0
1555272_at,0.0,0.0
1554964_x_at,0.0,0.0
1554963_at,0.0,0.0
1554863_s_at,0.0,0.0
1554771_at,0.0,0.0
1554770_x_at,0.0,0.0
1563130_a_at,0.0,0.0
1564580_at,0.0,0.0
201154_x_at,0.0,0.0
200813_s_at,0.0,0.0
200901_s_at,0.0,0.0
200898_s_at,0.0,0.0
200882_s_at,0.0,0.0
200877_at,0.0,0.0
200876_s_at,0.0,0.0
200875_s_at,0.0,0.0
200863_s_at,0.0,0.0
200862_at,0.0,0.0
200843_s_at,0.0,0.0
200823_x_at,0.0,0.0
200822_x_at,0.0,0.0
200820_at,0.0,0.0
200816_s_at,0.0,0.0
200812_at,0.0,0.0
1565620_at,0.0,0.0
200811_at,0.0,0.0
200810_s_at,0.0,0.0
200802_at,0.0,0.0
200801_x_at,0.0,0.0
200799_at,0.0,0.0
200793_s_at,0.0,0.0
200792_at,0.0,0.0
200789_at,0.0,0.0
200786_at,0.0,0.0
200780_x_at,0.0,0.0
200758_s_at,0.0,0.0
200754_x_at,0.0,0.0
200750_s_at,0.0,0.0
200906_s_at,0.0,0.0
200913_at,0.0,0.0
200932_s_at,0.0,0.0
200941_at,0.0,0.0
201145_at,0.0,0.0
201142_at,0.0,0.0
201135_at,0.0,0.0
201123_s_at,0.0,0.0
201118_at,0.0,0.0
201113_at,0.0,0.0
201106_at,0.0,0.0
201090_x_at,0.0,0.0
201089_at,0.0,0.0
201076_at,0.0,0.0
201072_s_at,0.0,0.0
201047_x_at,0.0,0.0
201030_x_at,0.0,0.0
201020_at,0.0,0.0
201000_at,0.0,0.0
200982_s_at,0.0,0.0
200981_x_at,0.0,0.0
200978_at,0.0,0.0
200975_at,0.0,0.0
200973_s_at,0.0,0.0
200968_s_at,0.0,0.0
200967_at,0.0,0.0
200966_x_at,0.0,0.0
200960_x_at,0.0,0.0
200955_at,0.0,0.0
200953_s_at,0.0,0.0
200950_at,0.0,0.0
200748_s_at,0.0,0.0
200735_x_at,0.0,0.0
200721_s_at,0.0,0.0
200064_at,0.0,0.0
200030_s_at,0.0,0.0
200027_at,0.0,0.0
200006_at,0.0,0.0
200005_at,0.0,0.0
200001_at,0.0,0.0
1570210_x_at,0.0,0.0
1570021_at,0.0,0.0
1569854_at,0.0,0.0
1569661_at,0.0,0.0
1569641_at,0.0,0.0
1569482_at,0.0,0.0
1569477_at,0.0,0.0
1569409_x_at,0.0,0.0
1569302_at,0.0,0.0
1569129_s_at,0.0,0.0
1568986_x_at,0.0,0.0
1568612_at,0.0,0.0
1568604_a_at,0.0,0.0
1568603_at,0.0,0.0
1568408_x_at,0.0,0.0
1566887_x_at,0.0,0.0
1566785_x_at,0.0,0.0
1566783_at,0.0,0.0
1566638_at,0.0,0.0
1566093_at,0.0,0.0
1566079_at,0.0,0.0
1565844_at,0.0,0.0
200039_s_at,0.0,0.0
200065_s_at,0.0,0.0
200720_s_at,0.0,0.0
200066_at,0.0,0.0
200699_at,0.0,0.0
200697_at,0.0,0.0
200695_at,0.0,0.0
200691_s_at,0.0,0.0
200681_at,0.0,0.0
200658_s_at,0.0,0.0
200657_at,0.0,0.0
200650_s_at,0.0,0.0
200647_x_at,0.0,0.0
200643_at,0.0,0.0
200642_at,0.0,0.0
200640_at,0.0,0.0
200639_s_at,0.0,0.0
200638_s_at,0.0,0.0
200637_s_at,0.0,0.0
200629_at,0.0,0.0
200625_s_at,0.0,0.0
200623_s_at,0.0,0.0
200622_x_at,0.0,0.0
200620_at,0.0,0.0
200614_at,0.0,0.0
200613_at,0.0,0.0
200610_s_at,0.0,0.0
200085_s_at,0.0,0.0
200082_s_at,0.0,0.0
200079_s_at,0.0,0.0
200068_s_at,0.0,0.0
204685_s_at,0.0,0.0
204701_s_at,0.0,0.0
215604_x_at,0.0,0.0
212228_s_at,0.0,0.0
212377_s_at,0.0,0.0
212363_x_at,0.0,0.0
212361_s_at,0.0,0.0
212348_s_at,0.0,0.0
212333_at,0.0,0.0
212296_at,0.0,0.0
212282_at,0.0,0.0
212273_x_at,0.0,0.0
212271_at,0.0,0.0
212270_x_at,0.0,0.0
212266_s_at,0.0,0.0
212252_at,0.0,0.0
212242_at,0.0,0.0
212227_x_at,0.0,0.0
212891_s_at,0.0,0.0
212207_at,0.0,0.0
212197_x_at,0.0,0.0
212186_at,0.0,0.0
212185_x_at,0.0,0.0
212178_s_at,0.0,0.0
212177_at,0.0,0.0
212165_at,0.0,0.0
212162_at,0.0,0.0
212159_x_at,0.0,0.0
212156_at,0.0,0.0
212130_x_at,0.0,0.0
212122_at,0.0,0.0
212119_at,0.0,0.0
212411_at,0.0,0.0
212423_at,0.0,0.0
212432_at,0.0,0.0
212451_at,0.0,0.0
212878_s_at,0.0,0.0
212859_x_at,0.0,0.0
212850_s_at,0.0,0.0
212837_at,0.0,0.0
212833_at,0.0,0.0
212832_s_at,0.0,0.0
212787_at,0.0,0.0
212736_at,0.0,0.0
212728_at,0.0,0.0
212727_at,0.0,0.0
212716_s_at,0.0,0.0
212712_at,0.0,0.0
212703_at,0.0,0.0
212674_s_at,0.0,0.0
212661_x_at,0.0,0.0
212641_at,0.0,0.0
212639_x_at,0.0,0.0
212627_s_at,0.0,0.0
212624_s_at,0.0,0.0
212600_s_at,0.0,0.0
212587_s_at,0.0,0.0
212581_x_at,0.0,0.0
212573_at,0.0,0.0
212563_at,0.0,0.0
212537_x_at,0.0,0.0
212532_s_at,0.0,0.0
212491_s_at,0.0,0.0
212114_at,0.0,0.0
212111_at,0.0,0.0
212088_at,0.0,0.0
211597_s_at,0.0,0.0
211546_x_at,0.0,0.0
211500_at,0.0,0.0
211494_s_at,0.0,0.0
211493_x_at,0.0,0.0
211483_x_at,0.0,0.0
211464_x_at,0.0,0.0
211452_x_at,0.0,0.0
211424_x_at,0.0,0.0
211386_at,0.0,0.0
211378_x_at,0.0,0.0
211373_s_at,0.0,0.0
211370_s_at,0.0,0.0
211297_s_at,0.0,0.0
211296_x_at,0.0,0.0
211073_x_at,0.0,0.0
211072_x_at,0.0,0.0
211071_s_at,0.0,0.0
211058_x_at,0.0,0.0
211047_x_at,0.0,0.0
211025_x_at,0.0,0.0
210987_x_at,0.0,0.0
210976_s_at,0.0,0.0
210949_s_at,0.0,0.0
210948_s_at,0.0,0.0
210792_x_at,0.0,0.0
210766_s_at,0.0,0.0
210759_s_at,0.0,0.0
211594_s_at,0.0,0.0
211609_x_at,0.0,0.0
212068_s_at,0.0,0.0
211615_s_at,0.0,0.0
212062_at,0.0,0.0
212059_s_at,0.0,0.0
212033_at,0.0,0.0
212017_at,0.0,0.0
211995_x_at,0.0,0.0
211993_at,0.0,0.0
211984_at,0.0,0.0
211983_x_at,0.0,0.0
211978_x_at,0.0,0.0
211972_x_at,0.0,0.0
211962_s_at,0.0,0.0
211955_at,0.0,0.0
211928_at,0.0,0.0
211921_x_at,0.0,0.0
211858_x_at,0.0,0.0
211779_x_at,0.0,0.0
211776_s_at,0.0,0.0
211765_x_at,0.0,0.0
211752_s_at,0.0,0.0
211750_x_at,0.0,0.0
211715_s_at,0.0,0.0
211714_x_at,0.0,0.0
211710_x_at,0.0,0.0
211685_s_at,0.0,0.0
211679_x_at,0.0,0.0
211662_s_at,0.0,0.0
211630_s_at,0.0,0.0
212880_at,0.0,0.0
212894_at,0.0,0.0
210736_x_at,0.0,0.0
214707_x_at,0.0,0.0
214821_at,0.0,0.0
214811_at,0.0,0.0
214806_at,0.0,0.0
214782_at,0.0,0.0
214771_x_at,0.0,0.0
214769_at,0.0,0.0
214762_at,0.0,0.0
214739_at,0.0,0.0
214737_x_at,0.0,0.0
214736_s_at,0.0,0.0
214728_x_at,0.0,0.0
214723_x_at,0.0,0.0
214715_x_at,0.0,0.0
214687_x_at,0.0,0.0
212895_s_at,0.0,0.0
214682_at,0.0,0.0
214671_s_at,0.0,0.0
214665_s_at,0.0,0.0
214594_x_at,0.0,0.0
214577_at,0.0,0.0
214548_x_at,0.0,0.0
214439_x_at,0.0,0.0
214432_at,0.0,0.0
214428_x_at,0.0,0.0
214415_at,0.0,0.0
214375_at,0.0,0.0
214359_s_at,0.0,0.0
214353_at,0.0,0.0
214857_at,0.0,0.0
214864_s_at,0.0,0.0
214889_at,0.0,0.0
214890_s_at,0.0,0.0
215600_x_at,0.0,0.0
215588_x_at,0.0,0.0
215545_at,0.0,0.0
215543_s_at,0.0,0.0
215535_s_at,0.0,0.0
215529_x_at,0.0,0.0
215499_at,0.0,0.0
215416_s_at,0.0,0.0
215404_x_at,0.0,0.0
215385_at,0.0,0.0
215383_x_at,0.0,0.0
215341_at,0.0,0.0
215290_at,0.0,0.0
215284_at,0.0,0.0
215269_at,0.0,0.0
215230_x_at,0.0,0.0
215221_at,0.0,0.0
215179_x_at,0.0,0.0
215161_at,0.0,0.0
215116_s_at,0.0,0.0
215069_at,0.0,0.0
215067_x_at,0.0,0.0
215021_s_at,0.0,0.0
215020_at,0.0,0.0
215001_s_at,0.0,0.0
214924_s_at,0.0,0.0
214902_x_at,0.0,0.0
214333_x_at,0.0,0.0
214306_at,0.0,0.0
214295_at,0.0,0.0
213457_at,0.0,0.0
213423_x_at,0.0,0.0
213407_at,0.0,0.0
213400_s_at,0.0,0.0
213394_at,0.0,0.0
213366_x_at,0.0,0.0
213333_at,0.0,0.0
213318_s_at,0.0,0.0
213315_x_at,0.0,0.0
213295_at,0.0,0.0
213276_at,0.0,0.0
213271_s_at,0.0,0.0
213268_at,0.0,0.0
213235_at,0.0,0.0
213214_x_at,0.0,0.0
213195_at,0.0,0.0
213132_s_at,0.0,0.0
213122_at,0.0,0.0
213079_at,0.0,0.0
213045_at,0.0,0.0
213015_at,0.0,0.0
213009_s_at,0.0,0.0
213005_s_at,0.0,0.0
212993_at,0.0,0.0
212988_x_at,0.0,0.0
212961_x_at,0.0,0.0
212954_at,0.0,0.0
212923_s_at,0.0,0.0
213453_x_at,0.0,0.0
213465_s_at,0.0,0.0
214176_s_at,0.0,0.0
213476_x_at,0.0,0.0
214170_x_at,0.0,0.0
214167_s_at,0.0,0.0
214020_x_at,0.0,0.0
214011_s_at,0.0,0.0
213912_at,0.0,0.0
213872_at,0.0,0.0
213867_x_at,0.0,0.0
213832_at,0.0,0.0
213789_at,0.0,0.0
213787_s_at,0.0,0.0
213771_at,0.0,0.0
213762_x_at,0.0,0.0
213744_at,0.0,0.0
213738_s_at,0.0,0.0
213726_x_at,0.0,0.0
213714_at,0.0,0.0
213693_s_at,0.0,0.0
213682_at,0.0,0.0
213646_x_at,0.0,0.0
213636_at,0.0,0.0
213629_x_at,0.0,0.0
213609_s_at,0.0,0.0
213555_at,0.0,0.0
213550_s_at,0.0,0.0
213512_at,0.0,0.0
213486_at,0.0,0.0
213479_at,0.0,0.0
210758_at,0.0,0.0
210715_s_at,0.0,0.0
204711_at,0.0,0.0
207093_s_at,0.0,0.0
207776_s_at,0.0,0.0
207758_at,0.0,0.0
207730_x_at,0.0,0.0
207721_x_at,0.0,0.0
207614_s_at,0.0,0.0
207598_x_at,0.0,0.0
207504_at,0.0,0.0
207436_x_at,0.0,0.0
207365_x_at,0.0,0.0
207232_s_at,0.0,0.0
207170_s_at,0.0,0.0
207144_s_at,0.0,0.0
207124_s_at,0.0,0.0
207088_s_at,0.0,0.0
208713_at,0.0,0.0
207084_at,0.0,0.0
207081_s_at,0.0,0.0
207035_at,0.0,0.0
207012_at,0.0,0.0
206973_at,0.0,0.0
206906_at,0.0,0.0
206857_s_at,0.0,0.0
206826_at,0.0,0.0
206809_s_at,0.0,0.0
206792_x_at,0.0,0.0
206766_at,0.0,0.0
206652_at,0.0,0.0
206621_s_at,0.0,0.0
207789_s_at,0.0,0.0
207791_s_at,0.0,0.0
207809_s_at,0.0,0.0
207827_x_at,0.0,0.0
208704_x_at,0.0,0.0
208703_s_at,0.0,0.0
208696_at,0.0,0.0
208687_x_at,0.0,0.0
208682_s_at,0.0,0.0
208680_at,0.0,0.0
208678_at,0.0,0.0
208644_at,0.0,0.0
208643_s_at,0.0,0.0
208640_at,0.0,0.0
208635_x_at,0.0,0.0
208623_s_at,0.0,0.0
208621_s_at,0.0,0.0
208610_s_at,0.0,0.0
208598_s_at,0.0,0.0
208549_x_at,0.0,0.0
208308_s_at,0.0,0.0
208248_x_at,0.0,0.0
208246_x_at,0.0,0.0
208228_s_at,0.0,0.0
208137_x_at,0.0,0.0
208121_s_at,0.0,0.0
208073_x_at,0.0,0.0
208003_s_at,0.0,0.0
208002_s_at,0.0,0.0
207877_s_at,0.0,0.0
207829_s_at,0.0,0.0
206562_s_at,0.0,0.0
206489_s_at,0.0,0.0
206483_at,0.0,0.0
205370_x_at,0.0,0.0
205348_s_at,0.0,0.0
205346_at,0.0,0.0
205325_at,0.0,0.0
205277_at,0.0,0.0
205273_s_at,0.0,0.0
205257_s_at,0.0,0.0
205172_x_at,0.0,0.0
205092_x_at,0.0,0.0
205047_s_at,0.0,0.0
205031_at,0.0,0.0
205012_s_at,0.0,0.0
204992_s_at,0.0,0.0
204977_at,0.0,0.0
204957_at,0.0,0.0
204930_s_at,0.0,0.0
204905_s_at,0.0,0.0
204892_x_at,0.0,0.0
204863_s_at,0.0,0.0
204823_at,0.0,0.0
204795_at,0.0,0.0
204793_at,0.0,0.0
204786_s_at,0.0,0.0
204745_x_at,0.0,0.0
204744_s_at,0.0,0.0
204743_at,0.0,0.0
204723_at,0.0,0.0
204720_s_at,0.0,0.0
205353_s_at,0.0,0.0
205376_at,0.0,0.0
206461_x_at,0.0,0.0
205489_at,0.0,0.0
206384_at,0.0,0.0
206374_at,0.0,0.0
206349_at,0.0,0.0
206342_x_at,0.0,0.0
206275_s_at,0.0,0.0
206169_x_at,0.0,0.0
206118_at,0.0,0.0
206089_at,0.0,0.0
206042_x_at,0.0,0.0
206015_s_at,0.0,0.0
205899_at,0.0,0.0
205871_at,0.0,0.0
205827_at,0.0,0.0
205787_x_at,0.0,0.0
205761_s_at,0.0,0.0
205738_s_at,0.0,0.0
205711_x_at,0.0,0.0
205702_at,0.0,0.0
205690_s_at,0.0,0.0
205652_s_at,0.0,0.0
205594_at,0.0,0.0
205591_at,0.0,0.0
205572_at,0.0,0.0
205551_at,0.0,0.0
205550_s_at,0.0,0.0
205521_at,0.0,0.0
205514_at,0.0,0.0
208709_s_at,0.0,0.0
208714_at,0.0,0.0
210701_at,0.0,0.0
209583_s_at,0.0,0.0
210028_s_at,0.0,0.0
210027_s_at,0.0,0.0
210011_s_at,0.0,0.0
209991_x_at,0.0,0.0
209953_s_at,0.0,0.0
209950_s_at,0.0,0.0
209902_at,0.0,0.0
209860_s_at,0.0,0.0
209853_s_at,0.0,0.0
209849_s_at,0.0,0.0
209839_at,0.0,0.0
209818_s_at,0.0,0.0
209755_at,0.0,0.0
209566_at,0.0,0.0
208720_s_at,0.0,0.0
209565_at,0.0,0.0
209556_at,0.0,0.0
209484_s_at,0.0,0.0
209445_x_at,0.0,0.0
209424_s_at,0.0,0.0
209421_at,0.0,0.0
209384_at,0.0,0.0
209382_at,0.0,0.0
209372_x_at,0.0,0.0
209336_at,0.0,0.0
209300_s_at,0.0,0.0
209295_at,0.0,0.0
209291_at,0.0,0.0
210069_at,0.0,0.0
210130_s_at,0.0,0.0
210156_s_at,0.0,0.0
210193_at,0.0,0.0
210679_x_at,0.0,0.0
210640_s_at,0.0,0.0
210638_s_at,0.0,0.0
210600_s_at,0.0,0.0
210598_at,0.0,0.0
210589_s_at,0.0,0.0
210550_s_at,0.0,0.0
210547_x_at,0.0,0.0
210532_s_at,0.0,0.0
210524_x_at,0.0,0.0
210501_x_at,0.0,0.0
210461_s_at,0.0,0.0
210460_s_at,0.0,0.0
210448_s_at,0.0,0.0
210425_x_at,0.0,0.0
210418_s_at,0.0,0.0
210415_s_at,0.0,0.0
210408_s_at,0.0,0.0
210404_x_at,0.0,0.0
210367_s_at,0.0,0.0
210364_at,0.0,0.0
210357_s_at,0.0,0.0
210338_s_at,0.0,0.0
210263_at,0.0,0.0
210252_s_at,0.0,0.0
210222_s_at,0.0,0.0
210213_s_at,0.0,0.0
209279_s_at,0.0,0.0
209268_at,0.0,0.0
209265_s_at,0.0,0.0
208999_at,0.0,0.0
208969_at,0.0,0.0
208968_s_at,0.0,0.0
208953_at,0.0,0.0
208941_s_at,0.0,0.0
208936_x_at,0.0,0.0
208928_at,0.0,0.0
208911_s_at,0.0,0.0
208909_at,0.0,0.0
208906_at,0.0,0.0
208900_s_at,0.0,0.0
208870_x_at,0.0,0.0
208857_s_at,0.0,0.0
208851_s_at,0.0,0.0
208846_s_at,0.0,0.0
208835_s_at,0.0,0.0
208833_s_at,0.0,0.0
208813_at,0.0,0.0
208811_s_at,0.0,0.0
208799_at,0.0,0.0
208781_x_at,0.0,0.0
208778_s_at,0.0,0.0
208771_s_at,0.0,0.0
208761_s_at,0.0,0.0
208758_at,0.0,0.0
208742_s_at,0.0,0.0
208732_at,0.0,0.0
208722_s_at,0.0,0.0
208977_x_at,0.0,0.0
209001_s_at,0.0,0.0
209258_s_at,0.0,0.0
209014_at,0.0,0.0
209252_at,0.0,0.0
209251_x_at,0.0,0.0
209249_s_at,0.0,0.0
209248_at,0.0,0.0
209234_at,0.0,0.0
209228_x_at,0.0,0.0
209227_at,0.0,0.0
209225_x_at,0.0,0.0
209224_s_at,0.0,0.0
209219_at,0.0,0.0
209196_at,0.0,0.0
209194_at,0.0,0.0
209192_x_at,0.0,0.0
209180_at,0.0,0.0
209177_at,0.0,0.0
209163_at,0.0,0.0
209161_at,0.0,0.0
209159_s_at,0.0,0.0
209158_s_at,0.0,0.0
209132_s_at,0.0,0.0
209104_s_at,0.0,0.0
209093_s_at,0.0,0.0
209092_s_at,0.0,0.0
209059_s_at,0.0,0.0
209058_at,0.0,0.0
209029_at,0.0,0.0
209026_x_at,0.0,0.0
AFFX-r2-Bs-thr-3_s_at,0.0,0.0
